标题,状态,分类,制定机关,公布日期,施行日期
中华人民共和国网络安全法,有效,法律,,2016-11-07,2017-06-01
中华人民共和国反家庭暴力法,有效,法律,,2015-12-27,2016-03-01
中华人民共和国反电信网络诈骗法,有效,法律,,2022-09-02,2022-12-01
网络数据安全管理条例,有效,行政法规,,2024-09-24,2025-01-01
信息网络传播权保护条例,有效,行政法规,,2013-01-30,
松原市网络文明建设条例,有效,地方法规,,2023-07-31,2023-08-01
河南省网络安全条例,有效,地方法规,,2022-11-26,2023-06-01
未成年人网络保护条例,有效,行政法规,,2023-10-16,2024-01-01
河北省反家庭暴力条例,有效,地方法规,,2022-11-29,2023-01-01
吉林省反家庭暴力条例,有效,地方法规,,2020-06-05,2020-08-01
江苏省反家庭暴力条例,有效,地方法规,,2025-01-14,2025-01-14
通化市网络虚假信息治理办法,有效,地方法规,,2025-03-31,2025-03-31
四平市网络信息发布规定,有效,地方法规,,2024-12-13,2025-01-01
山东省反家庭暴力条例,有效,地方法规,,2018-11-30,2019-01-01
河南省反家庭暴力条例,有效,地方法规,,2022-08-01,2022-10-01
湖北省反家庭暴力条例,有效,地方法规,,2019-03-29,2019-06-01
贵州省反家庭暴力条例,有效,地方法规,,2019-12-01,2020-03-01
云南省反家庭暴力条例,有效,地方法规,,2020-11-25,2021-03-01
甘肃省反家庭暴力条例,有效,地方法规,,2024-05-30,2024-08-01
青海省反家庭暴力条例,有效,地方法规,,2023-11-29,2024-01-01
